{"0.8434396148214833":{"userId":2},"0.7850085319399052":{"userId":2}}